dim_0,dim_1,dim_2,dim_3,dim_4,dim_5,dim_6,dim_7,dim_8,dim_9,dim_10,dim_11,dim_12,dim_13,dim_14,dim_15,dim_16,dim_17,dim_18,dim_19,dim_20,dim_21,dim_22,dim_23,dim_24,dim_25,dim_26,dim_27,dim_28,dim_29,dim_30,dim_31,dim_32,dim_33,dim_34,dim_35,dim_36,dim_37,dim_38,dim_39,dim_40,dim_41,dim_42,dim_43,dim_44,dim_45,dim_46,dim_47,dim_48,dim_49,dim_50,dim_51,dim_52,dim_53,dim_54,dim_55,dim_56,dim_57,dim_58,dim_59,dim_60,dim_61,dim_62,dim_63,adr,cluster_x,x,y,cluster_y,soc
0.015565768,0.055242278,0.40697744,0.21693887,-0.21346903,-0.1901898,-0.005997076,0.13740782,0.019915534,-0.11064954,0.2890504,-0.022559667,-0.05360919,0.11416537,-0.19355933,-0.0002571118,-0.06749096,-0.0004904521,-0.29450166,0.057697177,0.25700322,0.08852453,0.39235875,-0.099466234,0.05274967,0.21820985,-0.2840556,0.0055844174,-0.30596778,-0.19959506,-0.20309499,-0.054288726,-0.09522893,-0.18626131,0.106495135,-0.041363202,0.17184933,0.0929478,0.21383852,0.03108133,-0.020452905,0.18358468,-0.13768128,-0.2694426,-0.055689946,-0.060221657,-0.049365755,0.13819365,-0.06961784,-0.080460645,0.026590114,0.089127816,-0.057812043,0.22774199,0.29632583,0.045517482,0.2028554,-0.16759905,-0.1159858,0.09899452,-0.026160534,-0.17136163,-0.051066123,-0.08645138,anxiety,1,-109.13719,-65.294174,2,Psychiatric disorders
-0.006756281,0.08395086,0.38162655,0.22667928,-0.17095754,-0.17291562,0.032125298,0.10420709,-0.006777892,-0.14215863,0.27957943,0.027034162,-0.0062243184,0.10036525,-0.16974,-0.005936024,-0.120986156,0.012344908,-0.21159357,0.10977654,0.19799413,0.046207946,0.41979498,-0.146351,0.062314466,0.24987666,-0.26122513,-0.013505543,-0.2814958,-0.19554271,-0.10020895,-0.04451591,-0.18499628,-0.22016498,0.122490354,0.013758686,0.080890425,0.14348714,0.20671158,0.053285517,0.07627555,0.1839387,-0.14828053,-0.27467993,-0.07106909,-0.10527513,-0.03402958,0.051957022,-0.09378624,-0.059739795,0.083837,0.11162852,-0.014109718,0.24577874,0.28110737,0.05259369,0.17825665,-0.16611975,-0.08026658,0.050695833,-0.0012598665,-0.1955098,-0.08290237,-0.04267875,withdrawal,3,-77.395515,6.0413876,1,Psychiatric disorders
0.0015855768,0.058777846,0.3933906,0.1820151,-0.16973901,-0.17900555,-0.001653263,0.10040835,0.014507219,-0.09942313,0.28460023,0.013889758,-0.030230751,0.08405762,-0.18637696,-0.001907286,-0.090030245,0.01305568,-0.22992721,0.08067868,0.21453238,0.055333197,0.38463825,-0.115821116,0.048688482,0.2302845,-0.26507592,0.0012590125,-0.26485428,-0.18142763,-0.15461642,-0.04671792,-0.15134385,-0.18147923,0.11392467,-0.022615213,0.12513405,0.11496269,0.21962,0.02462517,0.0305892,0.19075088,-0.14290889,-0.28047308,-0.034649458,-0.07253983,-0.031894606,0.07672721,-0.08335486,-0.07646777,0.06709738,0.081834644,-0.052427262,0.22104526,0.28345573,0.04002203,0.17230089,-0.15762378,-0.08569037,0.06742782,-0.015145005,-0.1847201,-0.055314388,-0.054770228,depression,1,69.253555,102.89229,1,Psychiatric disorders
0.009853002,0.015531161,0.37488735,0.17719299,-0.1394283,-0.16574071,-0.039068803,0.092808865,-0.005242087,-0.096779786,0.26488543,-0.00711497,-0.03339247,0.11002374,-0.1910771,-0.009630956,-0.10558137,0.0068655387,-0.25586164,0.07238323,0.219261,0.04545866,0.3822356,-0.103125095,0.0480295,0.25149724,-0.2872949,-0.02365183,-0.30510676,-0.20460302,-0.15729047,-0.082791485,-0.12885708,-0.19468315,0.15091401,-0.0074408576,0.10022034,0.10074767,0.22407804,0.029075792,-0.0014841073,0.16937771,-0.16936032,-0.27065736,-0.04059606,-0.08584604,-0.010258315,0.079029165,-0.082665674,-0.056699757,0.05967743,0.11067887,-0.034625504,0.2102003,0.27380037,0.04888561,0.16706209,-0.16443534,-0.06963753,0.09983479,-0.02626459,-0.19545974,-0.07962138,-0.045637444,insomnia,2,104.42882,-9.925482,3,Nervous system disorders
0.0026025272,-0.017803349,0.39670575,0.12464211,-0.1015348,-0.14421701,-0.05272881,0.062675126,-0.01969239,-0.07158017,0.32903412,-0.017395983,-0.090909846,0.11365164,-0.22878115,-0.041447837,-0.08502934,-0.027760835,-0.2994445,0.0864933,0.21109536,0.021691687,0.36812857,-0.07360805,0.008296245,0.2368163,-0.326527,-0.024522642,-0.3397471,-0.2251232,-0.17403793,-0.08726369,-0.14039539,-0.18444325,0.17592363,-0.014313473,0.124670655,0.06480114,0.24764697,0.07555591,-0.009174355,0.17046146,-0.19846432,-0.30644906,-0.030312166,-0.101994365,0.031639505,0.09146162,-0.07547215,-0.028481405,0.049278207,0.14769155,-0.03573541,0.15277217,0.2893527,0.077292465,0.21656902,-0.18244274,-0.025929417,0.16699123,0.0009552833,-0.19324294,-0.07608105,0.0137147335,anxious,2,6.264829,39.944984,5,Unclassified
0.014795002,0.029300118,0.39512995,0.19842514,-0.19970065,-0.17470773,-0.011650905,0.117347725,0.011683646,-0.10668604,0.27115792,-0.021959614,-0.058400553,0.083212994,-0.1618381,0.009674263,-0.05164033,-0.0045499234,-0.26562473,0.09231779,0.22689636,0.08090621,0.36762947,-0.08718874,0.057626862,0.22610793,-0.25367177,-0.0067319702,-0.26951647,-0.18645243,-0.17663774,-0.059734996,-0.13210489,-0.19964819,0.09896746,-0.028914126,0.1445768,0.10748895,0.22288318,0.018771855,-0.0053331056,0.18170837,-0.11242796,-0.25320125,-0.01979188,-0.07571381,-0.041845467,0.11041797,-0.063464984,-0.09734049,0.057358675,0.06693329,-0.054303642,0.23669432,0.26239964,0.036624335,0.15280004,-0.14233802,-0.099084035,0.08993184,-0.03486682,-0.14938253,-0.041168395,-0.058639795,withdrawals,1,6.2099233,-52.737488,2,Unclassified
0.008304368,0.026051912,0.4000289,0.19326638,-0.19109476,-0.20337966,-0.042816013,0.107286654,0.008106476,-0.11690582,0.29814878,-0.017015222,-0.031875107,0.07113633,-0.17464176,-0.022747358,-0.0897807,0.013099288,-0.2674064,0.067208074,0.2257345,0.09073417,0.3592118,-0.06797175,0.029176975,0.24732918,-0.27464956,0.010122805,-0.28548437,-0.17423457,-0.20132157,-0.07303025,-0.12206083,-0.169606,0.118151635,-0.045174755,0.14880438,0.06754992,0.23605685,0.04831133,-0.01574647,0.17512335,-0.12598594,-0.23967673,-0.047796812,-0.068902224,-0.028075945,0.10060587,-0.052238863,-0.106615275,0.07146398,0.05353429,-0.06329133,0.23236158,0.26240504,0.055076152,0.1740627,-0.1795382,-0.11772726,0.11262505,-0.011568999,-0.17365563,-0.04722125,-0.06398737,paranoia,4,-52.106815,-47.342957,4,Unclassified
-0.06042482,-0.533999,0.46179643,0.0111051565,0.006412051,-0.50005406,-0.23308349,-0.22505425,-0.5613984,-0.45011526,0.5141655,0.013941123,-0.11044329,-0.22677547,-0.00652896,-0.29687974,-0.18958086,0.15989612,0.2603509,0.12319007,-0.0786479,0.046552427,0.2009558,0.41951126,0.10019084,0.5558927,-0.025107767,0.097365305,-0.059115853,-0.13576715,-0.17395513,-0.47784147,-0.44355187,-0.51037383,0.26016402,0.091411166,-0.15461384,-0.22725196,0.605007,-0.14504866,-0.06186862,0.2974987,-0.3496844,-0.3572841,0.46088997,-0.4893829,-0.089046724,-0.43158215,0.377602,0.040483914,0.38617542,-0.13292973,-0.22924562,0.38216606,0.2613173,-0.1277133,-0.36672828,-0.5265107,0.14579502,0.41016594,0.010153439,-0.23612604,-0.23429863,0.11417457,sweating,6,-47.202126,-107.832726,3,Unclassified
-0.08606225,-0.53567207,0.44557324,-0.01587075,-0.029488886,-0.49924156,-0.23471601,-0.21157576,-0.55507463,-0.43288895,0.5342181,0.043118108,-0.13386855,-0.2194835,-0.004245519,-0.31742066,-0.17706142,0.17418407,0.2526793,0.082078904,-0.08184696,0.0058017317,0.21291068,0.42753047,0.12154182,0.55338806,-0.012873241,0.07552095,-0.03095981,-0.16884775,-0.20672797,-0.46115682,-0.4250932,-0.50257146,0.25058553,0.1103379,-0.14639887,-0.21667953,0.5864873,-0.170029,-0.02738362,0.3283538,-0.38145474,-0.34317175,0.47327822,-0.49721938,-0.1122023,-0.42692122,0.3827272,0.034166135,0.3986435,-0.1611523,-0.20429653,0.37962168,0.26275215,-0.10289887,-0.3644557,-0.5418426,0.14371826,0.4159099,0.03781395,-0.20148644,-0.22266908,0.13147895,shaking,6,-21.905544,-1.5684098,3,Unclassified
-0.024217864,0.07515074,0.37518728,0.21407636,-0.14621864,-0.1943176,0.030427238,0.056258865,-0.02346915,-0.15672049,0.2630646,0.045958076,-0.025033562,0.09086103,-0.1386835,0.01329851,-0.13661762,0.0073271734,-0.16747871,0.1078787,0.18842849,0.020140035,0.40188745,-0.13244782,0.08225484,0.2346996,-0.2463405,-0.010066209,-0.2662132,-0.18785582,-0.09622856,-0.05909713,-0.18884425,-0.21266069,0.13137448,0.015837774,0.07793287,0.1478803,0.1930728,0.034069486,0.08724857,0.20903187,-0.15003552,-0.30075696,-0.047291428,-0.116555765,-0.024334284,0.04332727,-0.06757923,-0.06390043,0.08541284,0.07882194,-0.02376723,0.23370758,0.29593098,0.059878815,0.15213162,-0.16079867,-0.09628926,0.066667795,-0.019623518,-0.21497165,-0.08284907,-0.059407264,cravings,3,-49.25264,57.488235,1,Unclassified
0.025092652,-0.03940882,0.4579642,0.084324926,-0.068049975,-0.08653404,-0.12028844,0.026609736,-0.0037678846,-0.06630708,0.3539337,-0.0646466,-0.1259843,0.13314782,-0.31157815,-0.09385346,-0.10322607,-0.081214406,-0.38462156,0.05093813,0.20069899,-0.02198484,0.4068657,-0.073514305,-0.034996103,0.27621126,-0.38433045,-0.04835157,-0.42628703,-0.2515434,-0.188084,-0.058343213,-0.16356266,-0.16801251,0.24494241,-0.052615315,0.12923041,0.0732435,0.23545596,0.119781576,-0.032035816,0.15180945,-0.28161424,-0.31767112,-0.023751562,-0.14079581,0.10040804,0.115423106,-0.12282756,0.0106357895,0.016316846,0.18785338,-0.052292895,0.1239837,0.2809072,0.10051905,0.28792685,-0.18655285,-0.02165064,0.24454369,0.0044437307,-0.2026263,-0.04218068,0.054079548,depressed,2,1.9865049,91.58451,5,Unclassified
0.0016127725,0.026204884,0.38851613,0.17342228,-0.1844979,-0.19659264,-0.032721113,0.09953394,0.008035195,-0.11886473,0.2816726,-0.00911365,-0.03432074,0.081810296,-0.18052177,-0.030669961,-0.08401406,0.022538153,-0.24265061,0.061647825,0.19858502,0.08382577,0.34985197,-0.06002102,0.024199998,0.25406125,-0.27317145,0.005091043,-0.27415526,-0.18945535,-0.18823202,-0.073256314,-0.13567945,-0.18633051,0.103027955,-0.024497965,0.1511315,0.07766023,0.22357719,0.037268963,0.0044303285,0.16627565,-0.14607169,-0.25942817,-0.012628548,-0.07752409,-0.050679244,0.083432265,-0.037080575,-0.09450323,0.053559743,0.08487013,-0.06966476,0.23065822,0.26542482,0.061866473,0.17893012,-0.17333204,-0.09937103,0.11462102,-0.019689167,-0.15745623,-0.07400296,-0.04208243,panic attacks,4,73.78558,-66.30922,4,Unclassified
-0.0008896039,0.0068428507,0.42709795,0.17803045,-0.17966482,-0.21376474,-0.06120673,0.08724055,0.030735422,-0.14922713,0.31037855,-0.039181296,-0.08695167,0.06434893,-0.19594045,-0.014765661,-0.059283838,-0.011605677,-0.21159802,0.110826045,0.26108935,0.05927229,0.36467004,-0.05453645,0.020227555,0.24221519,-0.27923304,-0.0012824516,-0.26476976,-0.19546127,-0.2062147,-0.08481669,-0.14718181,-0.14379664,0.15401298,-0.018074432,0.14212331,0.09219244,0.29059383,0.011644905,-0.02405243,0.20045978,-0.10580421,-0.3103616,0.0014055122,-0.111288376,-0.0139906425,0.107911944,-0.07407113,-0.11081374,0.047401797,0.03209342,-0.042889263,0.25003242,0.3233982,0.03263321,0.17055415,-0.17930767,-0.0909237,0.055945322,-0.025895612,-0.19915359,-0.012279505,-0.098827496,tolerance,5,-39.375202,135.01796,2,Unclassified
0.00030532115,0.08743242,0.3696781,0.21770112,-0.15951532,-0.17115684,0.031228837,0.053580076,-0.030380914,-0.13759501,0.26739734,0.032007445,-0.019478198,0.082460746,-0.14720486,0.006934262,-0.13383797,0.0077954386,-0.17706604,0.10090072,0.18779628,0.026621046,0.40292588,-0.12521738,0.07550211,0.24328363,-0.23087065,-0.02381995,-0.274979,-0.19608192,-0.08401404,-0.06446656,-0.20094931,-0.21345976,0.11203432,0.026714126,0.05559112,0.1378467,0.18416409,0.03805885,0.08753615,0.2089533,-0.16418579,-0.29581848,-0.06444885,-0.12813175,-0.05852358,0.032509375,-0.06931555,-0.08191943,0.10459918,0.089365594,-0.011718086,0.24014662,0.28423697,0.031697195,0.14480759,-0.1591159,-0.09407691,0.06331284,-0.0023096695,-0.20430177,-0.05996688,-0.02863618,addiction,3,40.263397,-9.358316,1,Unclassified
0.0088815475,0.02043036,0.37706155,0.15384263,-0.16966605,-0.19032305,-0.043078437,0.09890986,-0.01809535,-0.12648372,0.26633754,-0.0019028672,-0.053350464,0.06423728,-0.15564625,-0.02448881,-0.07612839,0.0106366845,-0.22259939,0.08946908,0.19957128,0.043344922,0.3480396,-0.070837304,0.04409264,0.23526062,-0.2484061,-0.0049186307,-0.23524748,-0.18140459,-0.1824235,-0.057724737,-0.13595076,-0.19570318,0.1298578,-0.013906622,0.124848604,0.0920284,0.20641541,0.029797902,0.0013797552,0.1802459,-0.13374865,-0.24193586,0.0015717362,-0.07724247,-0.039410517,0.061132204,-0.04336816,-0.06474569,0.057911146,0.07379216,-0.047882095,0.22524765,0.25850984,0.053413816,0.13544302,-0.15034741,-0.06697441,0.0875496,-0.027251545,-0.16136004,-0.046624735,-0.047438834,numb,1,22.206463,-110.442085,2,Unclassified
-0.0042110104,0.014632932,0.4398917,0.16969022,-0.18482503,-0.22573581,-0.070663385,0.05243877,0.0020127962,-0.15966064,0.3133966,-0.015996387,-0.08695349,0.04089957,-0.17424187,-0.03857615,-0.064054586,-0.012729178,-0.1904984,0.09968486,0.24664618,0.055262264,0.3532101,-0.020581981,0.036300104,0.23035023,-0.28708756,0.0045386516,-0.24627757,-0.17431724,-0.22632243,-0.07400011,-0.13146469,-0.1513224,0.1734431,-0.044103518,0.10536463,0.09140065,0.3036615,0.022355936,-0.0031905107,0.19091667,-0.10135487,-0.3237009,-0.018844329,-0.13055897,-0.03329594,0.09949247,-0.0611517,-0.11709328,0.08310807,0.026765933,-0.032147434,0.2279088,0.31620866,0.048656918,0.15705164,-0.19872478,-0.073742606,0.06244779,-0.033445004,-0.19864188,-0.016337734,-0.09282371,panic attack,5,-116.69782,53.337193,2,Unclassified
-0.0063067833,-0.03917321,0.45053622,0.080200754,-0.04771126,-0.100813724,-0.1200023,0.033591557,0.0066244,-0.048486885,0.3867024,-0.03783254,-0.1136275,0.12000057,-0.3181458,-0.091553204,-0.106429674,-0.066794544,-0.38099068,0.08380765,0.18095963,-0.033423208,0.3901571,-0.068308525,-0.04963442,0.2782821,-0.39106157,-0.041642718,-0.43567798,-0.2462562,-0.17652005,-0.082167394,-0.18437292,-0.18727599,0.25830662,-0.02610434,0.09774382,0.045001157,0.26361197,0.115745604,-0.061103355,0.17677882,-0.30206084,-0.34902596,-0.0034905912,-0.1520926,0.09916211,0.13024089,-0.111766644,0.037752826,0.034543805,0.21332148,-0.036817987,0.10293872,0.28190354,0.11177081,0.283633,-0.17359735,0.007812088,0.26917368,-0.021765038,-0.19379309,-0.076513365,0.06299219,irritable,2,-92.286026,107.33855,5,Unclassified
0.014274424,0.011412725,0.38910785,0.16282319,-0.15768977,-0.17070816,-0.049317446,0.081631795,0.0013621219,-0.12355471,0.28657684,-0.026105404,-0.036555003,0.085720606,-0.16759072,-0.017460354,-0.075404674,-0.005157454,-0.22854587,0.08623183,0.18925889,0.050390985,0.3496985,-0.053125795,0.032430694,0.23071982,-0.24482623,-0.012271395,-0.26787224,-0.18954831,-0.1806483,-0.09066263,-0.14210892,-0.19770367,0.1323291,-0.037345,0.10130983,0.060576692,0.21989356,0.0375666,-0.0021194133,0.17334455,-0.1463722,-0.26831555,-0.00872466,-0.092085645,-0.023849878,0.07404089,-0.04687604,-0.06719496,0.051984817,0.060466796,-0.06728715,0.20753826,0.26357403,0.05669976,0.14452942,-0.1730322,-0.055595964,0.108012564,-0.024374856,-0.15296035,-0.05187408,-0.05289845,dizziness,1,26.359472,150.37523,6,Unclassified
0.015270894,-0.0016868354,0.36641324,0.16272713,-0.16295005,-0.19222298,-0.05114686,0.076179974,-0.023250438,-0.12905802,0.29188347,-0.017971741,-0.055481303,0.07471675,-0.14710727,-0.021305135,-0.102049075,0.025374593,-0.22179967,0.0868735,0.19592072,0.08065851,0.33959883,-0.023926603,0.023713881,0.26856333,-0.24963778,-0.0006963418,-0.2590199,-0.15634768,-0.19664371,-0.097935684,-0.12574224,-0.19298624,0.1081717,-0.035233714,0.13777754,0.06773418,0.2503555,0.017283319,-0.031797588,0.18261771,-0.13263963,-0.2610096,-0.0119493725,-0.103841245,-0.046820782,0.055537798,-0.027282467,-0.087936476,0.09233184,0.03812081,-0.059669305,0.23788317,0.25365284,0.05882969,0.1532429,-0.19696459,-0.09247871,0.10948943,-0.032524925,-0.16913381,-0.076290995,-0.06084561,delusions,4,59.757244,43.74313,4,Unclassified
0.0019644108,0.00559786,0.37247577,0.15119195,-0.1365841,-0.16684416,-0.030176664,0.07620786,-0.03251179,-0.10056692,0.2592866,0.013085422,-0.04973861,0.09362006,-0.18029198,-0.023716755,-0.09255434,0.004067757,-0.21578471,0.05942977,0.16716762,0.024945337,0.34607896,-0.06414791,0.037655592,0.24876037,-0.2524848,-0.012261641,-0.28336272,-0.20146753,-0.12554799,-0.095819265,-0.16025846,-0.18079413,0.15019363,-0.019966647,0.090291224,0.0637384,0.22615896,0.023732359,0.0044622477,0.17423122,-0.14239426,-0.2495609,-0.034173474,-0.117222995,0.0010177016,0.05363916,-0.057072636,-0.04938228,0.09118803,0.08169232,-0.061188396,0.20029844,0.2701204,0.053291798,0.14741984,-0.18361245,-0.05689382,0.111879036,-0.0021086102,-0.19351667,-0.08429657,-0.026024785,exhausted,2,-139.52614,-5.945175,3,Unclassified
-0.011589529,0.019030755,0.36480087,0.1721394,-0.15297163,-0.17134264,-0.022061612,0.0668828,-0.022473413,-0.11079734,0.27865413,-0.012065055,-0.039151236,0.06034288,-0.15984707,-0.022853507,-0.068307586,0.012303816,-0.20430863,0.09314033,0.17119367,0.061968274,0.3253837,-0.06669886,0.026479458,0.22258595,-0.2600743,-0.0191113,-0.26569483,-0.17895454,-0.16541553,-0.064442426,-0.15713477,-0.19076796,0.1442411,-0.0050281803,0.117355146,0.08405176,0.22171433,0.021379782,0.01168461,0.17537971,-0.13124247,-0.24612628,0.00069288095,-0.08293439,-0.036043502,0.054286227,-0.04826129,-0.051087186,0.07776039,0.08236476,-0.034609053,0.1943607,0.2657299,0.03992983,0.13187474,-0.14865994,-0.06283705,0.09929192,-0.021869903,-0.17253709,-0.049453713,-0.030135257,nausea,1,120.033676,56.193584,6,Gastrointestinal disorders
